cluster,temperature,particles,volumes,distance
1,234.678,52556,29893554646.750065,13.182
all,234.678,52556,29893554646.750065,13.182
