cluster,temperature,particles,volumes,distance
1,234.425,53010,30086956139.72629,13.037
2,334.965,76,37285592.0649758,0.199
all,234.569,53086,30124241731.79122,13.452
