cluster,temperature,particles,volumes,distance
1,234.626,51971,29590752856.91375,12.479
2,309.373,228,115872078.78847274,0.374
3,344.47,38,18360510.02357801,0.134
all,235.032,52237,29724985445.725815,13.573
