cluster,temperature,particles,volumes,distance
1,234.726,52054,29682297202.930653,12.527
2,321.388,304,152396205.3001623,0.323
all,235.229,52358,29834693408.230854,13.053
