cluster,temperature,particles,volumes,distance
1,234.401,51360,29285570084.19962,12.194
2,312.909,570,289887961.571607,0.869
3,338.91,38,18432058.693343747,0.142
all,235.339,51968,29593890104.463913,13.61
