cluster,temperature,ice_particles,ice_mass,ice_length
1,324.603,114,5.6735228586737e-05,0.308
all,324.603,114,5.6735228586737e-05,0.308
