cluster,temperature,ice_particles,ice_mass,ice_length
1,230.116,1709,0.0009381864950750611,6.821
2,304.339,836,0.00044941166410288443,0.623
3,311.735,304,0.00016199647018648252,0.222
4,312.391,380,0.00019043604103660084,0.517
5,388.56,38,2.172432198688273e-05,0.106
6,242.592,48375,0.02925214155857783,11.181
all,244.207,51642,0.031013896550965328,13.307
