cluster,temperature,ice_particles,ice_mass,ice_length
1,230.115,1870,0.0010228482153946076,6.106
2,242.21,48670,0.029534524109348224,11.591
3,303.029,646,0.00034148281789319105,0.79
4,344.08,76,3.792401351943897e-05,0.127
5,335.15,38,1.878142859121056e-05,0.135
6,325.65,38,1.863671408339229e-05,0.142
all,242.816,51338,0.030974197298831285,13.38
