cluster,temperature,ice_particles,ice_mass,ice_length
1,230.007,2219,0.0011839219059046541,6.877
2,243.101,49005,0.029395970381694676,12.577
3,314.96,38,1.9174763904772785e-05,0.147
4,318.28,76,3.7278985828370025e-05,0.173
all,242.7,51338,0.03063634603733304,13.335
