cluster,temperature,particles,volumes,distance
1,242.774,50747,30216258220.069088,12.014
2,314.359,570,290052323.1508004,1.098
all,243.569,51317,30506310543.21977,13.375
