cluster,temperature,particles,volumes,distance
1,243.662,51566,30745152431.046387,12.996
all,243.662,51566,30745152431.046387,12.996
