cluster,temperature,particles,volumes,distance
1,244.409,50074,30159205817.240665,13.201
all,244.409,50074,30159205817.240665,13.201
