cluster,temperature,particles,volumes,distance
1,243.679,50328,30419473878.660694,12.298
2,303.685,76,40045192.49443838,0.187
all,243.769,50404,30459519071.155106,12.56
