cluster,nodeCluster,temperature,ice_particles,ice_mass,ice_length
2,2,234.971,11476,2.168578663355183e-05,23.152
3,3,216.42,684,1.629217449922785e-07,46.582
4,4,231.477,608,1.4223582785705508e-07,4.086
5,5,236.224,190,7.045248161459013e-08,1.601
6,6,236.302,152,1.1210202378404518e-11,1.295
7,7,232.375,152,2.6644169915598147e-09,1.664
all,all,233.858,13262,2.2064072315209784e-05,48.179
