cluster,nodeCluster,temperature,ice_particles,ice_mass,ice_length
1,7,219.122,845,2.7014515011987703e-07,37.59
2,8,233.861,9918,1.8017285942319854e-05,24.829
3,9,234.211,266,2.1798409345561837e-08,1.901
4,10,233.577,114,1.6301858620381483e-09,1.338
5,11,244.8,70,1.383133485693005e-10,1.11
6,12,233.212,66,3.6092235133791862e-12,1.11
7,13,233.385,45,1.069072752985278e-10,1.138
all,all,232.828,11324,1.831110851749486e-05,39.344
