cluster,nodeCluster,temperature,ice_particles,ice_mass,ice_length
2,17,233.417,9386,1.4177510666556142e-05,26.63
3,18,219.19,798,7.370019650735017e-08,37.059
4,19,236.079,266,2.19553710727361e-08,2.368
5,20,239.377,152,8.216525827799607e-10,1.388
6,21,229.3,76,7.596149338473653e-11,0.814
7,22,236.71,38,2.395996897030626e-12,0.661
all,all,232.491,10716,1.4274066244209444e-05,50.059
