cluster,nodeCluster,temperature,ice_particles,ice_mass,ice_length
1,33,216.232,1668,2.8666507644196034e-07,44.592
2,34,230.511,4897,7.633375153978301e-06,11.659
3,35,228.71,4498,2.1512250772786383e-06,19.53
4,36,233.912,190,2.7219813269921257e-09,1.47
5,37,229.469,185,2.78000912671005e-10,2.249
6,38,235.88,152,1.929164352577541e-10,1.697
7,39,240.22,76,3.9851157399504804e-12,0.774
8,40,234.52,38,2.0076848518353335e-11,0.711
all,all,227.968,11704,1.0074482268337987e-05,49.284
