cluster,temperature,particles,volumes,distance
1,235.546,54363,31480634492.661804,13.101
2,339.9,38,18426548.361932296,0.136
all,235.619,54401,31499061041.023743,13.473
