cluster,temperature,particles,volumes,distance
1,235.244,54679,31803718039.29107,12.939
2,321.46,38,19225730.468550097,0.137
all,235.304,54717,31822943769.75968,13.246
