cluster,temperature,particles,volumes,distance
1,234.66,56667,32539044912.98203,13.228
2,364.37,38,18272704.60517294,0.138
all,234.747,56705,32557317617.58714,14.124
