{
    "1": {
        "length": 13.088,
        "mass": 0.0015629643429727138,
        "temp": 222.646
    },
    "2": {
        "length": 10.196,
        "mass": 0.025341647172142007,
        "temp": 232.98
    },
    "3": {
        "length": 1.569,
        "mass": 0.0013469086708670832,
        "temp": 265.783
    },
    "4": {
        "length": 0.359,
        "mass": 0.00015606126483606192,
        "temp": 266.405
    },
    "5": {
        "length": 0.237,
        "mass": 9.5985905776905e-05,
        "temp": 303.108
    },
    "6": {
        "length": 0.203,
        "mass": 6.16057629163639e-05,
        "temp": 272.61
    },
    "7": {
        "length": 7.426,
        "mass": 0.001217981487420209,
        "temp": 219.009
    },
    "8": {
        "length": 11.851,
        "mass": 0.028818638212496635,
        "temp": 233.131
    },
    "9": {
        "length": 0.345,
        "mass": 0.0001020254794922879,
        "temp": 359.682
    },
    "10": {
        "length": 0.269,
        "mass": 8.334937646470519e-05,
        "temp": 306.275
    },
    "11": {
        "length": 0.155,
        "mass": 3.772382125003906e-05,
        "temp": 324.15
    },
    "12": {
        "length": 0.129,
        "mass": 1.8792591401373944e-05,
        "temp": 337.77
    },
    "13": {
        "length": 8.686,
        "mass": 0.0007095402511161619,
        "temp": 219.171
    },
    "14": {
        "length": 13.182,
        "mass": 0.029893554646748487,
        "temp": 234.678
    },
    "15": {
        "length": 6.421,
        "mass": 0.0006779167609297535,
        "temp": 219.125
    },
    "16": {
        "length": 13.037,
        "mass": 0.030086956139725632,
        "temp": 234.425
    },
    "17": {
        "length": 0.199,
        "mass": 3.728559206497581e-05,
        "temp": 334.965
    },
    "18": {
        "length": 7.556,
        "mass": 0.0010665538845974101,
        "temp": 219.145
    },
    "19": {
        "length": 10.867,
        "mass": 0.02872167425449972,
        "temp": 232.352
    },
    "20": {
        "length": 1.115,
        "mass": 0.0009387286481258425,
        "temp": 289.548
    },
    "21": {
        "length": 0.243,
        "mass": 0.00014042109807133545,
        "temp": 309.38
    },
    "22": {
        "length": 0.17,
        "mass": 5.7744550470002095e-05,
        "temp": 325.36
    },
    "23": {
        "length": 6.376,
        "mass": 0.000475692988185146,
        "temp": 219.145
    },
    "24": {
        "length": 12.479,
        "mass": 0.029590752856911737,
        "temp": 234.626
    },
    "25": {
        "length": 0.374,
        "mass": 0.00011587207878847229,
        "temp": 309.373
    },
    "26": {
        "length": 0.134,
        "mass": 1.836051002357802e-05,
        "temp": 344.47
    },
    "27": {
        "length": 7.814,
        "mass": 0.0013012879861735518,
        "temp": 219.172
    },
    "28": {
        "length": 12.701,
        "mass": 0.029104040238042344,
        "temp": 234.624
    },
    "29": {
        "length": 0.26,
        "mass": 5.846288616538458e-05,
        "temp": 292.393
    },
    "30": {
        "length": 0.149,
        "mass": 1.8525902478205048e-05,
        "temp": 320.14
    },
    "31": {
        "length": 0.133,
        "mass": 1.8692285205032503e-05,
        "temp": 330.91
    },
    "32": {
        "length": 5.854,
        "mass": 0.0008170780045821599,
        "temp": 219.149
    },
    "33": {
        "length": 12.527,
        "mass": 0.029682297202928868,
        "temp": 234.726
    },
    "34": {
        "length": 0.323,
        "mass": 0.00015239620530016227,
        "temp": 321.388
    },
    "35": {
        "length": 6.081,
        "mass": 0.0011404451435027304,
        "temp": 219.128
    },
    "36": {
        "length": 12.194,
        "mass": 0.029285570084200668,
        "temp": 234.401
    },
    "37": {
        "length": 0.869,
        "mass": 0.0002898879615716068,
        "temp": 312.909
    },
    "38": {
        "length": 0.142,
        "mass": 1.8432058693343753e-05,
        "temp": 338.91
    },
    "39": {
        "length": 5.868,
        "mass": 0.0005196798026222455,
        "temp": 219.106
    },
    "40": {
        "length": 12.81,
        "mass": 0.030561961936435685,
        "temp": 234.89
    },
    "41": {
        "length": 0.143,
        "mass": 3.7670115206726114e-05,
        "temp": 339.89
    },
    "42": {
        "length": 0.128,
        "mass": 1.9316560541417383e-05,
        "temp": 345.15
    },
    "43": {
        "length": 12.69,
        "mass": 0.0014866112720517534,
        "temp": 219.792
    },
    "44": {
        "length": 10.205,
        "mass": 0.027598562375665638,
        "temp": 231.258
    },
    "45": {
        "length": 1.015,
        "mass": 0.0008375082005377267,
        "temp": 254.678
    },
    "46": {
        "length": 0.795,
        "mass": 0.0005021421597969698,
        "temp": 294.864
    },
    "47": {
        "length": 0.189,
        "mass": 0.00011496614153296914,
        "temp": 300.683
    },
    "48": {
        "length": 0.214,
        "mass": 9.524858810531666e-05,
        "temp": 309.208
    }
}