{
    "1": {
        "length": 13.162,
        "mass": 0.001195008086458416,
        "temp": 232.657
    },
    "2": {
        "length": 10.945,
        "mass": 0.027847300131938306,
        "temp": 242.596
    },
    "3": {
        "length": 0.915,
        "mass": 0.0006430373646585895,
        "temp": 284.757
    },
    "4": {
        "length": 0.486,
        "mass": 0.00018094641521552364,
        "temp": 326.848
    },
    "5": {
        "length": 0.188,
        "mass": 3.922229046079093e-05,
        "temp": 263.695
    },
    "6": {
        "length": 8.158,
        "mass": 0.0010511963661841179,
        "temp": 230.102
    },
    "7": {
        "length": 9.607,
        "mass": 0.028334733912239903,
        "temp": 240.258
    },
    "8": {
        "length": 2.119,
        "mass": 0.0017110123880129265,
        "temp": 273.584
    },
    "9": {
        "length": 0.178,
        "mass": 5.746725328506996e-05,
        "temp": 342.76
    },
    "10": {
        "length": 0.14,
        "mass": 4.186002394206266e-05,
        "temp": 317.54
    },
    "11": {
        "length": 0.143,
        "mass": 1.8465143752913836e-05,
        "temp": 334.88
    },
    "12": {
        "length": 0.128,
        "mass": 1.8333040683396903e-05,
        "temp": 346.4
    },
    "13": {
        "length": 0.135,
        "mass": 1.870897805648234e-05,
        "temp": 335.52
    },
    "14": {
        "length": 6.106,
        "mass": 0.0010165112919498802,
        "temp": 230.042
    },
    "15": {
        "length": 12.455,
        "mass": 0.03014754217993203,
        "temp": 243.168
    },
    "16": {
        "length": 0.132,
        "mass": 1.834951899721701e-05,
        "temp": 348.28
    },
    "17": {
        "length": 0.127,
        "mass": 2.292006730705135e-05,
        "temp": 335.66
    },
    "18": {
        "length": 0.137,
        "mass": 2.033464149935698e-05,
        "temp": 315.59
    },
    "19": {
        "length": 5.182,
        "mass": 0.0002600287216079568,
        "temp": 230.089
    },
    "20": {
        "length": 12.014,
        "mass": 0.030216258220068258,
        "temp": 242.774
    },
    "21": {
        "length": 1.098,
        "mass": 0.0002900523231508021,
        "temp": 314.359
    },
    "22": {
        "length": 3.869,
        "mass": 0.00013958849201635515,
        "temp": 230.124
    },
    "23": {
        "length": 12.996,
        "mass": 0.03074515243104493,
        "temp": 243.662
    },
    "24": {
        "length": 7.567,
        "mass": 0.000784471198702169,
        "temp": 230.175
    },
    "25": {
        "length": 13.201,
        "mass": 0.030159205817239965,
        "temp": 244.409
    },
    "26": {
        "length": 6.821,
        "mass": 0.0009381864950750611,
        "temp": 230.116
    },
    "27": {
        "length": 11.181,
        "mass": 0.02925214155857783,
        "temp": 242.592
    },
    "28": {
        "length": 0.623,
        "mass": 0.00044941166410288443,
        "temp": 304.339
    },
    "29": {
        "length": 0.517,
        "mass": 0.00019043604103660084,
        "temp": 312.391
    },
    "30": {
        "length": 0.222,
        "mass": 0.00016199647018648252,
        "temp": 311.735
    },
    "31": {
        "length": 0.106,
        "mass": 2.172432198688273e-05,
        "temp": 388.56
    },
    "32": {
        "length": 7.085,
        "mass": 0.0007835481256896698,
        "temp": 230.162
    },
    "33": {
        "length": 12.298,
        "mass": 0.030419473878659144,
        "temp": 243.679
    },
    "34": {
        "length": 0.187,
        "mass": 4.0045192494438426e-05,
        "temp": 303.685
    },
    "35": {
        "length": 6.106,
        "mass": 0.0010228482153946076,
        "temp": 230.115
    },
    "36": {
        "length": 11.591,
        "mass": 0.029534524109348224,
        "temp": 242.21
    },
    "37": {
        "length": 0.79,
        "mass": 0.00034148281789319105,
        "temp": 303.029
    },
    "38": {
        "length": 0.127,
        "mass": 3.792401351943897e-05,
        "temp": 344.08
    },
    "39": {
        "length": 0.142,
        "mass": 1.863671408339229e-05,
        "temp": 325.65
    },
    "40": {
        "length": 0.135,
        "mass": 1.878142859121056e-05,
        "temp": 335.15
    },
    "41": {
        "length": 7.399,
        "mass": 0.00171386661148788,
        "temp": 229.674
    },
    "42": {
        "length": 9.73,
        "mass": 0.027198853704090992,
        "temp": 241.374
    },
    "43": {
        "length": 0.879,
        "mass": 0.0008406038948224958,
        "temp": 271.455
    },
    "44": {
        "length": 1.008,
        "mass": 0.0006297083120780755,
        "temp": 307.596
    },
    "45": {
        "length": 0.466,
        "mass": 0.0004881840412574428,
        "temp": 259.917
    },
    "46": {
        "length": 0.336,
        "mass": 9.600820875644661e-05,
        "temp": 319.246
    },
    "47": {
        "length": 6.877,
        "mass": 0.0011839219059046541,
        "temp": 230.007
    },
    "48": {
        "length": 12.577,
        "mass": 0.029395970381694676,
        "temp": 243.101
    },
    "49": {
        "length": 0.173,
        "mass": 3.7278985828370025e-05,
        "temp": 318.28
    },
    "50": {
        "length": 0.147,
        "mass": 1.9174763904772785e-05,
        "temp": 314.96
    }
}