{
    "1": {
        "length": 13.374,
        "mass": 0.0012984301110525289,
        "temp": 219.81
    },
    "2": {
        "length": 11.521,
        "mass": 0.028640952967852455,
        "temp": 235.429
    },
    "3": {
        "length": 0.361,
        "mass": 0.0003008006203092409,
        "temp": 299.843
    },
    "4": {
        "length": 0.403,
        "mass": 0.000268991800949951,
        "temp": 300.825
    },
    "5": {
        "length": 0.238,
        "mass": 7.603695791221238e-05,
        "temp": 298.173
    },
    "6": {
        "length": 0.143,
        "mass": 3.811137101658222e-05,
        "temp": 331.14
    },
    "7": {
        "length": 7.299,
        "mass": 0.0007787945270364776,
        "temp": 219.081
    },
    "8": {
        "length": 12.078,
        "mass": 0.031262942825578434,
        "temp": 234.086
    },
    "9": {
        "length": 0.544,
        "mass": 0.0002139964372227054,
        "temp": 321.928
    },
    "10": {
        "length": 0.161,
        "mass": 5.807046929109164e-05,
        "temp": 316.39
    },
    "11": {
        "length": 5.135,
        "mass": 0.0004423330221760301,
        "temp": 219.109
    },
    "12": {
        "length": 12.171,
        "mass": 0.031786341256901,
        "temp": 234.303
    },
    "13": {
        "length": 0.973,
        "mass": 0.0002687223615983372,
        "temp": 315.559
    },
    "14": {
        "length": 0.132,
        "mass": 1.834951899721701e-05,
        "temp": 346.15
    },
    "15": {
        "length": 8.061,
        "mass": 0.0003999111803640242,
        "temp": 219.133
    },
    "16": {
        "length": 12.617,
        "mass": 0.03203049432617581,
        "temp": 235.401
    },
    "17": {
        "length": 0.132,
        "mass": 3.8959613198846223e-05,
        "temp": 341.55
    },
    "18": {
        "length": 0.133,
        "mass": 1.9711542803775155e-05,
        "temp": 321.35
    },
    "19": {
        "length": 6.01,
        "mass": 0.0001791539433386677,
        "temp": 219.102
    },
    "20": {
        "length": 13.101,
        "mass": 0.031480634492659164,
        "temp": 235.546
    },
    "21": {
        "length": 0.136,
        "mass": 1.8426548361932305e-05,
        "temp": 339.9
    },
    "22": {
        "length": 7.361,
        "mass": 0.001563047302872675,
        "temp": 219.017
    },
    "23": {
        "length": 11.794,
        "mass": 0.029898495340802685,
        "temp": 235.388
    },
    "24": {
        "length": 0.702,
        "mass": 0.00042694739316650473,
        "temp": 316.793
    },
    "25": {
        "length": 0.198,
        "mass": 6.012238692937236e-05,
        "temp": 273.67
    },
    "26": {
        "length": 0.133,
        "mass": 1.8305598754988924e-05,
        "temp": 343.58
    },
    "27": {
        "length": 9.665,
        "mass": 0.0010278717142028664,
        "temp": 218.963
    },
    "28": {
        "length": 12.779,
        "mass": 0.03103710769911756,
        "temp": 236.609
    },
    "29": {
        "length": 0.377,
        "mass": 0.00011515578498872106,
        "temp": 323.68
    },
    "30": {
        "length": 0.152,
        "mass": 3.703027302175285e-05,
        "temp": 342.525
    },
    "31": {
        "length": 7.091,
        "mass": 0.0003847584822918434,
        "temp": 219.152
    },
    "32": {
        "length": 12.939,
        "mass": 0.031803718039295395,
        "temp": 235.244
    },
    "33": {
        "length": 0.137,
        "mass": 1.922573046855008e-05,
        "temp": 321.46
    },
    "34": {
        "length": 4.788,
        "mass": 0.0002413902315818156,
        "temp": 219.081
    },
    "35": {
        "length": 12.934,
        "mass": 0.03226498947896249,
        "temp": 234.991
    },
    "36": {
        "length": 0.135,
        "mass": 1.8305598754988924e-05,
        "temp": 341.58
    },
    "37": {
        "length": 0.157,
        "mass": 1.8759116234065847e-05,
        "temp": 293.58
    },
    "38": {
        "length": 5.629,
        "mass": 0.00012911761190023428,
        "temp": 219.083
    },
    "39": {
        "length": 13.228,
        "mass": 0.03253904491298247,
        "temp": 234.66
    },
    "40": {
        "length": 0.138,
        "mass": 1.8272704605172935e-05,
        "temp": 364.37
    },
    "41": {
        "length": 6.147,
        "mass": 0.0009230006996996453,
        "temp": 219.104
    },
    "42": {
        "length": 12.205,
        "mass": 0.030524897276739887,
        "temp": 234.49
    },
    "43": {
        "length": 0.553,
        "mass": 0.0002016197565143372,
        "temp": 315.743
    },
    "44": {
        "length": 0.131,
        "mass": 1.922573046855008e-05,
        "temp": 337.53
    }
}