{
    "1": {
        "length": 46.582,
        "mass": 1.6292174499227848e-07,
        "temp": 216.42
    },
    "2": {
        "length": 23.152,
        "mass": 2.168578663355183e-05,
        "temp": 234.971
    },
    "3": {
        "length": 4.086,
        "mass": 1.4223582785705508e-07,
        "temp": 231.477
    },
    "4": {
        "length": 1.601,
        "mass": 7.045248161459013e-08,
        "temp": 236.224
    },
    "5": {
        "length": 1.664,
        "mass": 2.6644169915598147e-09,
        "temp": 232.375
    },
    "6": {
        "length": 1.295,
        "mass": 1.1210202378404518e-11,
        "temp": 236.302
    },
    "7": {
        "length": 37.59,
        "mass": 2.7014515011987703e-07,
        "temp": 219.122
    },
    "8": {
        "length": 24.829,
        "mass": 1.8017285942319854e-05,
        "temp": 233.861
    },
    "9": {
        "length": 1.901,
        "mass": 2.1798409345561837e-08,
        "temp": 234.211
    },
    "10": {
        "length": 1.338,
        "mass": 1.6301858620381483e-09,
        "temp": 233.577
    },
    "11": {
        "length": 1.11,
        "mass": 1.383133485693005e-10,
        "temp": 244.8
    },
    "12": {
        "length": 1.11,
        "mass": 3.6092235133791862e-12,
        "temp": 233.212
    },
    "13": {
        "length": 1.138,
        "mass": 1.069072752985278e-10,
        "temp": 233.385
    },
    "14": {
        "length": 37.059,
        "mass": 7.370019650735017e-08,
        "temp": 219.19
    },
    "15": {
        "length": 26.63,
        "mass": 1.4177510666556159e-05,
        "temp": 233.417
    },
    "16": {
        "length": 2.368,
        "mass": 2.19553710727361e-08,
        "temp": 236.079
    },
    "17": {
        "length": 1.388,
        "mass": 8.216525827799607e-10,
        "temp": 239.377
    },
    "18": {
        "length": 0.814,
        "mass": 7.596149338473653e-11,
        "temp": 229.3
    },
    "19": {
        "length": 0.661,
        "mass": 2.395996897030626e-12,
        "temp": 236.71
    },
    "20": {
        "length": 48.34,
        "mass": 5.154351670698927e-07,
        "temp": 225.179
    },
    "21": {
        "length": 13.93,
        "mass": 1.0169500285130685e-05,
        "temp": 233.551
    },
    "22": {
        "length": 5.373,
        "mass": 1.2464948410065127e-06,
        "temp": 233.551
    },
    "23": {
        "length": 1.945,
        "mass": 3.7309117705786235e-07,
        "temp": 235.137
    },
    "24": {
        "length": 2.013,
        "mass": 8.94966952749311e-08,
        "temp": 236.72
    },
    "25": {
        "length": 2.241,
        "mass": 3.33602685420512e-08,
        "temp": 235.032
    },
    "26": {
        "length": 48.347,
        "mass": 1.0254828143484849e-07,
        "temp": 219.593
    },
    "27": {
        "length": 15.223,
        "mass": 9.959328974348192e-06,
        "temp": 233.572
    },
    "28": {
        "length": 3.602,
        "mass": 9.003243659961752e-07,
        "temp": 234.779
    },
    "29": {
        "length": 4.82,
        "mass": 4.4302775028051816e-07,
        "temp": 229.627
    },
    "30": {
        "length": 2.938,
        "mass": 9.296409020535126e-08,
        "temp": 237.473
    },
    "31": {
        "length": 1.798,
        "mass": 1.8982871729526793e-08,
        "temp": 232.018
    },
    "32": {
        "length": 1.106,
        "mass": 1.5161891872825532e-10,
        "temp": 236.944
    },
    "33": {
        "length": 44.592,
        "mass": 2.8666507644196034e-07,
        "temp": 216.232
    },
    "34": {
        "length": 11.659,
        "mass": 7.633375153978301e-06,
        "temp": 230.511
    },
    "35": {
        "length": 19.53,
        "mass": 2.1512250772786383e-06,
        "temp": 228.71
    },
    "36": {
        "length": 1.47,
        "mass": 2.7219813269921257e-09,
        "temp": 233.912
    },
    "37": {
        "length": 2.249,
        "mass": 2.78000912671005e-10,
        "temp": 229.469
    },
    "38": {
        "length": 1.697,
        "mass": 1.929164352577541e-10,
        "temp": 235.88
    },
    "39": {
        "length": 0.774,
        "mass": 3.9851157399504804e-12,
        "temp": 240.22
    },
    "40": {
        "length": 0.711,
        "mass": 2.0076848518353335e-11,
        "temp": 234.52
    },
    "41": {
        "length": 37.322,
        "mass": 1.612834009831705e-07,
        "temp": 217.148
    },
    "42": {
        "length": 28.675,
        "mass": 8.424524569176028e-06,
        "temp": 229.132
    },
    "43": {
        "length": 1.864,
        "mass": 3.4967170601574923e-09,
        "temp": 229.26
    },
    "44": {
        "length": 1.89,
        "mass": 1.7587304590590588e-10,
        "temp": 227.673
    },
    "45": {
        "length": 0.778,
        "mass": 1.1177956736421662e-10,
        "temp": 248.83
    },
    "46": {
        "length": 0.764,
        "mass": 8.803542636804854e-11,
        "temp": 242.03
    },
    "47": {
        "length": 0.689,
        "mass": 1.1822989567558613e-12,
        "temp": 239.69
    },
    "48": {
        "length": 0.66,
        "mass": 9.74523915867615e-13,
        "temp": 237.07
    },
    "49": {
        "length": 0.661,
        "mass": 2.583252605288683e-13,
        "temp": 232.32
    },
    "50": {
        "length": 48.322,
        "mass": 3.6306638018800254e-07,
        "temp": 218.224
    },
    "51": {
        "length": 14.949,
        "mass": 6.477576471887303e-06,
        "temp": 229.915
    },
    "52": {
        "length": 5.742,
        "mass": 7.773014611306383e-07,
        "temp": 231.852
    },
    "53": {
        "length": 3.957,
        "mass": 1.9136957459063937e-07,
        "temp": 230.968
    },
    "54": {
        "length": 2.797,
        "mass": 2.865375418435242e-08,
        "temp": 227.123
    },
    "55": {
        "length": 3.571,
        "mass": 3.837753587576009e-09,
        "temp": 229.656
    },
    "56": {
        "length": 1.954,
        "mass": 3.991105796175674e-11,
        "temp": 231.754
    },
    "57": {
        "length": 1.668,
        "mass": 2.333882538851321e-07,
        "temp": 241.13
    },
    "58": {
        "length": 0.906,
        "mass": 1.7176990077392385e-11,
        "temp": 238.127
    },
    "59": {
        "length": 0.937,
        "mass": 3.710037055061732e-11,
        "temp": 242.36
    },
    "60": {
        "length": 0.895,
        "mass": 7.796742279914435e-11,
        "temp": 236.375
    },
    "61": {
        "length": 0.808,
        "mass": 1.7588460422126974e-12,
        "temp": 229.45
    },
    "62": {
        "length": 44.203,
        "mass": 1.8846298256911802e-07,
        "temp": 225.628
    },
    "63": {
        "length": 6.706,
        "mass": 4.243226993125001e-06,
        "temp": 235.588
    },
    "64": {
        "length": 5.438,
        "mass": 1.0056296834838997e-06,
        "temp": 232.676
    },
    "65": {
        "length": 4.591,
        "mass": 1.768333970844618e-06,
        "temp": 233.096
    },
    "66": {
        "length": 2.829,
        "mass": 3.323695580658839e-07,
        "temp": 232.178
    },
    "67": {
        "length": 2.647,
        "mass": 7.781764914448843e-08,
        "temp": 228.905
    },
    "68": {
        "length": 1.881,
        "mass": 3.669925613113954e-07,
        "temp": 236.354
    },
    "69": {
        "length": 1.993,
        "mass": 1.5907913471626467e-08,
        "temp": 231.847
    },
    "70": {
        "length": 0.851,
        "mass": 2.1695072678479435e-11,
        "temp": 236.505
    },
    "71": {
        "length": 1.84,
        "mass": 7.473338159655983e-09,
        "temp": 231.271
    },
    "72": {
        "length": 45.629,
        "mass": 3.331801478396026e-07,
        "temp": 220.048
    },
    "73": {
        "length": 8.181,
        "mass": 3.401484690632434e-06,
        "temp": 230.325
    },
    "74": {
        "length": 8.477,
        "mass": 1.0854586518476816e-06,
        "temp": 232.512
    },
    "75": {
        "length": 6.317,