cluster,temperature,ice_particles,ice_mass,ice_length
1,325.554,190,9.39882787033345e-05,0.781
all,325.554,190,9.39882787033345e-05,0.781
