cluster,temperature,ice_particles,ice_mass,ice_length
1,219.017,2933,0.001563047302872675,7.361
2,235.388,51293,0.029898495340802685,11.794
3,316.793,798,0.00042694739316650473,0.702
4,273.67,114,6.012238692937236e-05,0.198
5,343.58,38,1.8305598754988924e-05,0.133
all,235.848,55176,0.031966918022526505,13.467
